Chr,from,to,midpoint,cM,cumulative cM
X,1,100000,50000,0,0
X,100001,200000,150000,0,0
X,200001,300000,250000,0,0
X,300001,400000,350000,0,0
X,400001,500000,450000,0,0
X,500001,600000,550000,0,0
X,600001,700000,650000,0,0
X,700001,800000,750000,0,0
X,800001,900000,850000,0,0
X,900001,1000000,950000,0,0
X,1000001,1100000,1050000,0.3617,0.03617
X,1100001,1200000,1150000,0.3617,0.07234
X,1200001,1300000,1250000,0.3617,0.10851
X,1300001,1400000,1350000,0,0.10851
X,1400001,1500000,1450000,0.3617,0.14468
X,1500001,1600000,1550000,0.0904,0.15372
X,1600001,1700000,1650000,0,0.15372
X,1700001,1800000,1750000,0.1808,0.1718
X,1800001,1900000,1850000,0,0.1718
X,1900001,2000000,1950000,0.1808,0.18988
X,2000001,2100000,2050000,0,0.18988
X,2100001,2200000,2150000,0.2713,0.21701
X,2200001,2300000,2250000,0.9042,0.30743
X,2300001,2400000,2350000,2.6221,0.56964
X,2400001,2500000,2450000,3.9784,0.96748
X,2500001,2600000,2550000,2.0796,1.17544
X,2600001,2700000,2650000,2.6221,1.43765
X,2700001,2800000,2750000,2.17,1.65465
X,2800001,2900000,2850000,1.8988,1.84453
X,2900001,3000000,2950000,3.1646,2.16099
X,3000001,3100000,3050000,3.4359,2.50458
X,3100001,3200000,3150000,2.3509,2.73967
X,3200001,3300000,3250000,3.4359,3.08326
X,3300001,3400000,3350000,7.5047,3.83373
X,3400001,3500000,3450000,1.085,3.94223
X,3500001,3600000,3550000,3.1646,4.25869
X,3600001,3700000,3650000,2.7125,4.52994
X,3700001,3800000,3750000,0.9946,4.6294
X,3800001,3900000,3850000,6.3292,5.26232
X,3900001,4000000,3950000,5.6059,5.82291
X,4000001,4100000,4050000,1.5371,5.97662
X,4100001,4200000,4150000,4.973,6.47392
X,4200001,4300000,4250000,1.2658,6.6005
X,4300001,4400000,4350000,2.9838,6.89888
X,4400001,4500000,4450000,3.255,7.22438
X,4500001,4600000,4550000,3.7975,7.60413
X,4600001,4700000,4650000,9.4034,8.54447
X,4700001,4800000,4750000,6.058,9.15027
X,4800001,4900000,4850000,5.2442,9.67469
X,4900001,5000000,4950000,6.6005,10.33474
X,5000001,5100000,5050000,14.4668,11.78142
X,5100001,5200000,5150000,6.3292,12.41434
X,5200001,5300000,5250000,9.8555,13.39989
X,5300001,5400000,5350000,4.7921,13.8791
X,5400001,5500000,5450000,1.9892,14.07802
X,5500001,5600000,5550000,3.255,14.40352
X,5600001,5700000,5650000,5.4251,14.94603
X,5700001,5800000,5750000,4.7017,15.4162
X,5800001,5900000,5850000,2.2604,15.64224
X,5900001,6000000,5950000,1.3563,15.77787
X,6000001,6100000,6050000,1.9892,15.97679
X,6100001,6200000,6150000,3.6167,16.33846
X,6200001,6300000,6250000,2.17,16.55546
X,6300001,6400000,6350000,12.7489,17.83035
X,6400001,6500000,6450000,4.1592,18.24627
X,6500001,6600000,6550000,3.5263,18.5989
X,6600001,6700000,6650000,3.1646,18.91536
X,6700001,6800000,6750000,7.4142,19.65678
X,6800001,6900000,6850000,4.7017,20.12695
X,6900001,7000000,6950000,2.8934,20.41629
X,7000001,7100000,7050000,2.2604,20.64233
X,7100001,7200000,7150000,1.1754,20.75987
X,7200001,7300000,7250000,2.0796,20.96783
X,7300001,7400000,7350000,1.085,21.07633
X,7400001,7500000,7450000,0.9946,21.17579
X,7500001,7600000,7550000,1.085,21.28429
X,7600001,7700000,7650000,3.255,21.60979
X,7700001,7800000,7750000,1.8084,21.79063
X,7800001,7900000,7850000,1.9892,21.98955
X,7900001,8000000,7950000,2.3509,22.22464
X,8000001,8100000,8050000,0.8138,22.30602
X,8100001,8200000,8150000,3.4359,22.64961
X,8200001,8300000,8250000,4.6113,23.11074
X,8300001,8400000,8350000,3.255,23.43624
X,8400001,8500000,8450000,2.8934,23.72558
X,8500001,8600000,8550000,6.4197,24.36755
X,8600001,8700000,8650000,9.0418,25.27173
X,8700001,8800000,8750000,8.1376,26.08549
X,8800001,8900000,8850000,8.7705,26.96254
X,8900001,9000000,8950000,6.9622,27.65876
X,9000001,9100000,9050000,4.0688,28.06564
X,9100001,9200000,9150000,2.9838,28.36402
X,9200001,9300000,9250000,2.8029,28.64431
X,9300001,9400000,9350000,8.9513,29.53944
X,9400001,9500000,9450000,7.3238,30.27182
X,9500001,9600000,9550000,3.1646,30.58828
X,9600001,9700000,9650000,4.2496,31.01324
X,9700001,9800000,9750000,3.7975,31.39299
X,9800001,9900000,9850000,2.4413,31.63712
X,9900001,10000000,9950000,4.1592,32.05304
X,10000001,10100000,10050000,1.5371,32.20675
X,10100001,10200000,10150000,2.8029,32.48704
X,10200001,10300000,10250000,5.6963,33.05667
X,10300001,10400000,10350000,2.0796,33.26463
X,10400001,10500000,10450000,2.2604,33.49067
X,10500001,10600000,10550000,0.9946,33.59013
X,10600001,10700000,10650000,1.085,33.69863
X,10700001,10800000,10750000,0.8138,33.78001
X,10800001,10900000,10850000,3.9784,34.17785
X,10900001,11000000,10950000,3.7071,34.54856
X,11000001,11100000,11050000,2.8029,34.82885
X,11100001,11200000,11150000,7.5047,35.57932
X,11200001,11300000,11250000,5.4251,36.12183
X,11300001,11400000,11350000,1.8988,36.31171
X,11400001,11500000,11450000,2.3509,36.5468
X,11500001,11600000,11550000,1.7179,36.71859
X,11600001,11700000,11650000,0.4521,36.7638
X,11700001,11800000,11750000,0.7233,36.83613
X,11800001,11900000,11850000,2.9838,37.13451
X,11900001,12000000,11950000,5.6059,37.6951
X,12000001,12100000,12050000,5.1538,38.21048
X,12100001,12200000,12150000,2.0796,38.41844
X,12200001,12300000,12250000,2.6221,38.68065
X,12300001,12400000,12350000,1.8084,38.86149
X,12400001,12500000,12450000,1.8988,39.05137
X,12500001,12600000,12550000,5.5155,39.60292
X,12600001,12700000,12650000,7.3238,40.3353
X,12700001,12800000,12750000,3.888,40.7241
X,12800001,12900000,12850000,3.9784,41.12194
X,12900001,13000000,12950000,2.8934,41.41128
X,13000001,13100000,13050000,2.5317,41.66445
X,13100001,13200000,13150000,3.1646,41.98091
X,13200001,13300000,13250000,3.888,42.36971
X,13300001,13400000,13350000,7.3238,43.10209
X,13400001,13500000,13450000,2.9838,43.40047
X,13500001,13600000,13550000,1.6275,43.56322
X,13600001,13700000,13650000,2.7125,43.83447
X,13700001,13800000,13750000,3.3455,44.16902
X,13800001,13900000,13850000,5.0634,44.67536
X,13900001,14000000,13950000,2.8029,44.95565
X,14000001,14100000,14050000,4.4305,45.3987
X,14100001,14200000,14150000,5.1538,45.91408
X,14200001,14300000,14250000,2.17,46.13108
X,14300001,14400000,14350000,4.2496,46.55604
X,14400001,14500000,14450000,1.8988,46.74592
X,14500001,14600000,14550000,6.1484,47.36076
X,14600001,14700000,14650000,12.2064,48.5814
X,14700001,14800000,14750000,7.5951,49.34091
X,14800001,14900000,14850000,2.0796,49.54887
X,14900001,15000000,14950000,1.7179,49.72066
X,15000001,15100000,15050000,3.3455,50.05521
X,15100001,15200000,15150000,3.255,50.38071
X,15200001,15300000,15250000,2.17,50.59771
X,15300001,15400000,15350000,2.3509,50.8328
X,15400001,15500000,15450000,0.7233,50.90513
X,15500001,15600000,15550000,5.1538,51.42051
X,15600001,15700000,15650000,5.0634,51.92685
X,15700001,15800000,15750000,2.8934,52.21619
X,15800001,15900000,15850000,1.9892,52.41511
X,15900001,16000000,15950000,0.9042,52.50553
X,16000001,16100000,16050000,13.6531,53.87084
X,16100001,16200000,16150000,4.0688,54.27772
X,16200001,16300000,16250000,2.7125,54.54897
X,16300001,16400000,16350000,1.1754,54.66651
X,16400001,16500000,16450000,8.1376,55.48027
X,16500001,16600000,16550000,2.5317,55.73344
X,16600001,16700000,16650000,5.0634,56.23978
X,16700001,16800000,16750000,5.1538,56.75516
X,16800001,16900000,16850000,3.4359,57.09875
X,16900001,17000000,16950000,1.8988,57.28863
X,17000001,17100000,17050000,0.9946,57.38809
X,17100001,17200000,17150000,0.7233,57.46042
X,17200001,17300000,17250000,2.6221,57.72263
X,17300001,17400000,17350000,1.3563,57.85826
X,17400001,17500000,17450000,0.7233,57.93059
X,17500001,17600000,17550000,1.4467,58.07526
X,17600001,17700000,17650000,2.8934,58.3646
X,17700001,17800000,17750000,2.3509,58.59969
X,17800001,17900000,17850000,2.7125,58.87094
X,17900001,18000000,17950000,0.5425,58.92519
X,18000001,18100000,18050000,1.2658,59.05177
X,18100001,18200000,18150000,0.3617,59.08794
X,18200001,18300000,18250000,1.4467,59.23261
X,18300001,18400000,18350000,1.6275,59.39536
X,18400001,18500000,18450000,1.1754,59.5129
X,18500001,18600000,18550000,1.085,59.6214
X,18600001,18700000,18650000,2.5317,59.87457
X,18700001,18800000,18750000,1.8988,60.06445
X,18800001,18900000,18850000,1.4467,60.20912
X,18900001,19000000,18950000,1.3563,60.34475
X,19000001,19100000,19050000,0.9946,60.44421
X,19100001,19200000,19150000,3.255,60.76971
X,19200001,19300000,19250000,6.5101,61.42072
X,19300001,19400000,19350000,2.0796,61.62868
X,19400001,19500000,19450000,4.973,62.12598
X,19500001,19600000,19550000,2.3509,62.36107
X,19600001,19700000,19650000,3.6167,62.72274
X,19700001,19800000,19750000,4.2496,63.1477
X,19800001,19900000,19850000,2.7125,63.41895
X,19900001,20000000,19950000,1.4467,63.56362
X,20000001,20100000,20050000,2.7125,63.83487
X,20100001,20200000,20150000,2.0796,64.04283
X,20200001,20300000,20250000,2.7125,64.31408
X,20300001,20400000,20350000,2.8029,64.59437
X,20400001,20500000,20450000,3.4359,64.93796
X,20500001,20600000,20550000,1.2658,65.06454
X,20600001,20700000,20650000,0.2713,65.09167
X,20700001,20800000,20750000,1.085,65.20017
X,20800001,20900000,20850000,5.0634,65.70651
X,20900001,21000000,20950000,0.3617,65.74268
X,21000001,21100000,21050000,0.9042,65.8331
X,21100001,21200000,21150000,0.7233,65.90543
X,21200001,21300000,21250000,1.085,66.01393
X,21300001,21400000,21350000,1.7179,66.18572
X,21400001,21500000,21450000,0.1808,66.2038
X,21500001,21600000,21550000,0,66.2038
X,21600001,21700000,21650000,0.9946,66.30326
X,21700001,21800000,21750000,0.0904,66.3123
X,21800001,21900000,21850000,0.5425,66.36655
X,21900001,22000000,21950000,0.1808,66.38463
X,22000001,22100000,22050000,0.2713,66.41176
X,22100001,22200000,22150000,0.3617,66.44793
X,22200001,22300000,22250000,0.0904,66.45697
X,22300001,22400000,22350000,0,66.45697
X,22400001,22500000,22450000,0,66.45697
2L,1,100000," 50,000 ",0,0
2L,100001,200000," 150,000 ",0,0
2L,200001,300000," 250,000 ",0,0
2L,300001,400000," 350,000 ",0.2346,0.02346
2L,400001,500000," 450,000 ",0.2346,0.04692
2L,500001,600000," 550,000 ",1.9937,0.24629
2L,600001,700000," 650,000 ",1.4073,0.38702
2L,700001,800000," 750,000 ",1.0555,0.49257
2L,800001,900000," 850,000 ",2.3455,0.72712
2L,900001,1000000," 950,000 ",3.0492,1.03204
2L,1000001,1100000," 1,050,000 ",3.401,1.37214
2L,1100001,1200000," 1,150,000 ",2.8146,1.6536
2L,1200001,1300000," 1,250,000 ",3.6355,2.01715
2L,1300001,1400000," 1,350,000 ",1.7591,2.19306
2L,1400001,1500000," 1,450,000 ",0.7037,2.26343
2L,1500001,1600000," 1,550,000 ",2.4628,2.50971
2L,1600001,1700000," 1,650,000 ",2.9319,2.8029
2L,1700001,1800000," 1,750,000 ",2.2282,3.02572
2L,1800001,1900000," 1,850,000 ",1.7591,3.20163
2L,1900001,2000000," 1,950,000 ",5.3947,3.7411
2L,2000001,2100000," 2,050,000 ",2.4628,3.98738
2L,2100001,2200000," 2,150,000 ",1.6419,4.15157
2L,2200001,2300000," 2,250,000 ",3.6355,4.51512
2L,2300001,2400000," 2,350,000 ",1.6419,4.67931
2L,2400001,2500000," 2,450,000 ",4.691,5.14841
2L,2500001,2600000," 2,550,000 ",2.5801,5.40642
2L,2600001,2700000," 2,650,000 ",2.5801,5.66443
2L,2700001,2800000," 2,750,000 ",5.7465,6.23908
2L,2800001,2900000," 2,850,000 ",2.2282,6.4619
2L,2900001,3000000," 2,950,000 ",0.9382,6.55572
2L,3000001,3100000," 3,050,000 ",1.0555,6.66127
2L,3100001,3200000," 3,150,000 ",6.9192,7.35319
2L,3200001,3300000," 3,250,000 ",2.3455,7.58774
2L,3300001,3400000," 3,350,000 ",2.3455,7.82229
2L,3400001,3500000," 3,450,000 ",5.0428,8.32657
2L,3500001,3600000," 3,550,000 ",4.2219,8.74876
2L,3600001,3700000," 3,650,000 ",1.8764,8.9364
2L,3700001,3800000," 3,750,000 ",3.6355,9.29995
2L,3800001,3900000," 3,850,000 ",7.5056,10.05051
2L,3900001,4000000," 3,950,000 ",7.3883,10.78934
2L,4000001,4100000," 4,050,000 ",6.6847,11.45781
2L,4100001,4200000," 4,150,000 ",3.6355,11.82136
2L,4200001,4300000," 4,250,000 ",7.2711,12.54847
2L,4300001,4400000," 4,350,000 ",5.7465,13.12312
2L,4400001,4500000," 4,450,000 ",4.1046,13.53358
2L,4500001,4600000," 4,550,000 ",1.8764,13.72122
2L,4600001,4700000," 4,650,000 ",1.7591,13.89713
2L,4700001,4800000," 4,750,000 ",5.1601,14.41314
2L,4800001,4900000," 4,850,000 ",9.4993,15.36307
2L,4900001,5000000," 4,950,000 ",6.3329,15.99636
2L,5000001,5100000," 5,050,000 ",5.5119,16.54755
2L,5100001,5200000," 5,150,000 ",3.5183,16.89938
2L,5200001,5300000," 5,250,000 ",7.0365,17.60303
2L,5300001,5400000," 5,350,000 ",1.8764,17.79067
2L,5400001,5500000," 5,450,000 ",3.1664,18.10731
2L,5500001,5600000," 5,550,000 ",4.2219,18.5295
2L,5600001,5700000," 5,650,000 ",2.111,18.7406
2L,5700001,5800000," 5,750,000 ",1.29,18.8696
2L,5800001,5900000," 5,850,000 ",1.5246,19.02206
2L,5900001,6000000," 5,950,000 ",2.2282,19.24488
2L,6000001,6100000," 6,050,000 ",2.3455,19.47943
2L,6100001,6200000," 6,150,000 ",1.29,19.60843
2L,6200001,6300000," 6,250,000 ",4.5737,20.0658
2L,6300001,6400000," 6,350,000 ",3.0492,20.37072
2L,6400001,6500000," 6,450,000 ",3.9874,20.76946
2L,6500001,6600000," 6,550,000 ",3.401,21.10956
2L,6600001,6700000," 6,650,000 ",3.7528,21.48484
2L,6700001,6800000," 6,750,000 ",1.5246,21.6373
2L,6800001,6900000," 6,850,000 ",3.5183,21.98913
2L,6900001,7000000," 6,950,000 ",1.8764,22.17677
2L,7000001,7100000," 7,050,000 ",10.2029,23.19706
2L,7100001,7200000," 7,150,000 ",3.9874,23.5958
2L,7200001,7300000," 7,250,000 ",2.6973,23.86553
2L,7300001,7400000," 7,350,000 ",2.4628,24.11181
2L,7400001,7500000," 7,450,000 ",1.6419,24.276
2L,7500001,7600000," 7,550,000 ",2.5801,24.53401
2L,7600001,7700000," 7,650,000 ",2.111,24.74511
2L,7700001,7800000," 7,750,000 ",2.3455,24.97966
2L,7800001,7900000," 7,850,000 ",1.5246,25.13212
2L,7900001,8000000," 7,950,000 ",8.6784,25.99996
2L,8000001,8100000," 8,050,000 ",3.9874,26.3987
2L,8100001,8200000," 8,150,000 ",6.2156,27.02026
2L,8200001,8300000," 8,250,000 ",3.2837,27.34863
2L,8300001,8400000," 8,350,000 ",3.2837,27.677
2L,8400001,8500000," 8,450,000 ",2.3455,27.91155
2L,8500001,8600000," 8,550,000 ",4.8083,28.39238
2L,8600001,8700000," 8,650,000 ",3.401,28.73248
2L,8700001,8800000," 8,750,000 ",1.4073,28.87321
2L,8800001,8900000," 8,850,000 ",2.8146,29.15467
2L,8900001,9000000," 8,950,000 ",4.2219,29.57686
2L,9000001,9100000," 9,050,000 ",1.5246,29.72932
2L,9100001,9200000," 9,150,000 ",2.3455,29.96387
2L,9200001,9300000," 9,250,000 ",2.4628,30.21015
2L,9300001,9400000," 9,350,000 ",0.1173,30.22188
2L,9400001,9500000," 9,450,000 ",2.3455,30.45643
2L,9500001,9600000," 9,550,000 ",4.9256,30.94899
2L,9600001,9700000," 9,650,000 ",3.1664,31.26563
2L,9700001,9800000," 9,750,000 ",4.3392,31.69955
2L,9800001,9900000," 9,850,000 ",5.3947,32.23902
2L,9900001,10000000," 9,950,000 ",1.5246,32.39148
2L,10000001,10100000," 10,050,000 ",8.092,33.20068
2L,10100001,10200000," 10,150,000 ",9.4993,34.15061
2L,10200001,10300000," 10,250,000 ",6.5674,34.80735
2L,10300001,10400000," 10,350,000 ",3.6355,35.1709
2L,10400001,10500000," 10,450,000 ",3.2837,35.49927
2L,10500001,10600000," 10,550,000 ",3.8701,35.88628
2L,10600001,10700000," 10,650,000 ",2.8146,36.16774
2L,10700001,10800000," 10,750,000 ",3.401,36.50784
2L,10800001,10900000," 10,850,000 ",2.6973,36.77757
2L,10900001,11000000," 10,950,000 ",2.9319,37.07076
2L,11000001,11100000," 11,050,000 ",3.9874,37.4695
2L,11100001,11200000," 11,150,000 ",2.111,37.6806
2L,11200001,11300000," 11,250,000 ",1.8764,37.86824
2L,11300001,11400000," 11,350,000 ",2.3455,38.10279
2L,11400001,11500000," 11,450,000 ",1.1728,38.22007
2L,11500001,11600000," 11,550,000 ",0.9382,38.31389
2L,11600001,11700000," 11,650,000 ",1.4073,38.45462
2L,11700001,11800000," 11,750,000 ",1.4073,38.59535
2L,11800001,11900000," 11,850,000 ",1.9937,38.79472
2L,11900001,12000000," 11,950,000 ",2.2282,39.01754
2L,12000001,12100000," 12,050,000 ",2.9319,39.31073
2L,12100001,12200000," 12,150,000 ",4.2219,39.73292
2L,12200001,12300000," 12,250,000 ",7.6229,40.49521
2L,12300001,12400000," 12,350,000 ",2.111,40.70631
2L,12400001,12500000," 12,450,000 ",1.7591,40.88222
2L,12500001,12600000," 12,550,000 ",5.1601,41.39823
2L,12600001,12700000," 12,650,000 ",7.5056,42.14879
2L,12700001,12800000," 12,750,000 ",3.0492,42.45371
2L,12800001,12900000," 12,850,000 ",1.9937,42.65308
2L,12900001,13000000," 12,950,000 ",1.29,42.78208
2L,13000001,13100000," 13,050,000 ",2.9319,43.07527
2L,13100001,13200000," 13,150,000 ",5.0428,43.57955
2L,13200001,13300000," 13,250,000 ",0.9382,43.67337
2L,13300001,13400000," 13,350,000 ",0.8209,43.75546
2L,13400001,13500000," 13,450,000 ",1.8764,43.9431
2L,13500001,13600000," 13,550,000 ",3.6355,44.30665
2L,13600001,13700000," 13,650,000 ",1.9937,44.50602
2L,13700001,13800000," 13,750,000 ",3.9874,44.90476
2L,13800001,13900000," 13,850,000 ",2.2282,45.12758
2L,13900001,14000000," 13,950,000 ",1.6419,45.29177
2L,14000001,14100000," 14,050,000 ",3.1664,45.60841
2L,14100001,14200000," 14,150,000 ",1.8764,45.79605
2L,14200001,14300000," 14,250,000 ",1.9937,45.99542
2L,14300001,14400000," 14,350,000 ",1.6419,46.15961
2L,14400001,14500000," 14,450,000 ",6.2156,46.78117
2L,14500001,14600000," 14,550,000 ",1.1728,46.89845
2L,14600001,14700000," 14,650,000 ",3.7528,47.27373
2L,14700001,14800000," 14,750,000 ",1.0555,47.37928
2L,14800001,14900000," 14,850,000 ",1.6419,47.54347
2L,14900001,15000000," 14,950,000 ",1.1728,47.66075
2L,15000001,15100000," 15,050,000 ",1.1728,47.77803
2L,15100001,15200000," 15,150,000 ",0.9382,47.87185
2L,15200001,15300000," 15,250,000 ",3.7528,48.24713
2L,15300001,15400000," 15,350,000 ",1.6419,48.41132
2L,15400001,15500000," 15,450,000 ",1.5246,48.56378
2L,15500001,15600000," 15,550,000 ",0.5864,48.62242
2L,15600001,15700000," 15,650,000 ",2.111,48.83352
2L,15700001,15800000," 15,750,000 ",1.0555,48.93907
2L,15800001,15900000," 15,850,000 ",0.2346,48.96253
2L,15900001,16000000," 15,950,000 ",0.8209,49.04462
2L,16000001,16100000," 16,050,000 ",0.4691,49.09153
2L,16100001,16200000," 16,150,000 ",0.7037,49.1619
2L,16200001,16300000," 16,250,000 ",1.5246,49.31436
2L,16300001,16400000," 16,350,000 ",3.5183,49.66619
2L,16400001,16500000," 16,450,000 ",3.9874,50.06493
2L,16500001,16600000," 16,550,000 ",3.8701,50.45194
2L,16600001,16700000," 16,650,000 ",2.8146,50.7334
2L,16700001,16800000," 16,750,000 ",4.2219,51.15559
2L,16800001,16900000," 16,850,000 ",1.6419,51.31978
2L,16900001,17000000," 16,950,000 ",5.6292,51.8827
2L,17000001,17100000," 17,050,000 ",1.9937,52.08207
2L,17100001,17200000," 17,150,000 ",1.5246,52.23453
2L,17200001,17300000," 17,250,000 ",2.3455,52.46908
2L,17300001,17400000," 17,350,000 ",1.1728,52.58636
2L,17400001,17500000," 17,450,000 ",1.6419,52.75055
2L,17500001,17600000," 17,550,000 ",0.1173,52.76228
2L,17600001,17700000," 17,650,000 ",0.1173,52.77401
2L,17700001,17800000," 17,750,000 ",0.4691,52.82092
2L,17800001,17900000," 17,850,000 ",0.4691,52.86783
2L,17900001,18000000," 17,950,000 ",1.9937,53.0672
2L,18000001,18100000," 18,050,000 ",0.9382,53.16102
2L,18100001,18200000," 18,150,000 ",0.7037,53.23139
2L,18200001,18300000," 18,250,000 ",0.4691,53.2783
2L,18300001,18400000," 18,350,000 ",0.3518,53.31348
2L,18400001,18500000," 18,450,000 ",0.2346,53.33694
2L,18500001,18600000," 18,550,000 ",0.2346,53.3604
2L,18600001,18700000," 18,650,000 ",0.2346,53.38386
2L,18700001,18800000," 18,750,000 ",0.2346,53.40732
2L,18800001,18900000," 18,850,000 ",1.4073,53.54805
2L,18900001,19000000," 18,950,000 ",0.1173,53.55978
2L,19000001,19100000," 19,050,000 ",0.1173,53.57151
2L,19100001,19200000," 19,150,000 ",0.4691,53.61842
2L,19200001,19300000," 19,250,000 ",0.4691,53.66533
2L,19300001,19400000," 19,350,000 ",0,53.66533
2L,19400001,19500000," 19,450,000 ",0.3518,53.70051
2L,19500001,19600000," 19,550,000 ",0.1173,53.71224
2L,19600001,19700000," 19,650,000 ",0.2346,53.7357
2L,19700001,19800000," 19,750,000 ",0.1173,53.74743
2L,19800001,19900000," 19,850,000 ",1.1728,53.86471
2L,19900001,20000000," 19,950,000 ",0.2346,53.88817
2L,20000001,20100000," 20,050,000 ",0.5864,53.94681
2L,20100001,20200000," 20,150,000 ",0.1173,53.95854
2L,20200001,20300000," 20,250,000 ",0.2346,53.982
2L,20300001,20400000," 20,350,000 ",0,53.982
2L,20400001,20500000," 20,450,000 ",0.2346,54.00546
2L,20500001,20600000," 20,550,000 ",0.7037,54.07583
2L,20600001,20700000," 20,650,000 ",0.3518,54.11101
2L,20700001,20800000," 20,750,000 ",0.2346,54.13447
2L,20800001,20900000," 20,850,000 ",0,54.13447
2L,20900001,21000000," 20,950,000 ",2.3455,54.36902
2L,21000001,21100000," 21,050,000 ",1.1728,54.4863
2L,21100001,21200000," 21,150,000 ",0.3518,54.52148
2L,21200001,21300000," 21,250,000 ",0.1173,54.53321
2L,21300001,21400000," 21,350,000 ",0.1173,54.54494
2L,21400001,21500000," 21,450,000 ",0,54.54494
2L,21500001,21600000," 21,550,000 ",0.3518,54.58012
2L,21600001,21700000," 21,650,000 ",0,54.58012
2L,21700001,21800000," 21,750,000 ",0,54.58012
2L,21800001,21900000," 21,850,000 ",0,54.58012
2L,21900001,22000000," 21,950,000 ",0,54.58012
2L,22000001,22100000," 22,050,000 ",0.1173,54.59185
2L,22100001,22200000," 22,150,000 ",0,54.59185
2L,22200001,22300000," 22,250,000 ",2.8146,54.87331
2L,22300001,22400000," 22,350,000 ",3.8701,55.26032
2L,22400001,22500000," 22,450,000 ",0.3518,55.2955
2L,22500001,22600000," 22,550,000 ",0.1173,55.30723
2L,22600001,22700000," 22,650,000 ",0,55.30723
2L,22700001,22800000," 22,750,000 ",0,55.30723
2L,22800001,22900000," 22,850,000 ",0.2346,55.33069
2L,22900001,23000000," 22,950,000 ",0,55.33069
2L,23000001,23100000," 23,050,000 ",0,55.33069
2R,1,100000," 50,000 ",0,0
2R,100001,200000," 150,000 ",0,0
2R,200001,300000," 250,000 ",0,0
2R,300001,400000," 350,000 ",0,0
2R,400001,500000," 450,000 ",0,0
2R,500001,600000," 550,000 ",0,0
2R,600001,700000," 650,000 ",0,0
2R,700001,800000," 750,000 ",0.1085,0.01085
2R,800001,900000," 850,000 ",1.1931,0.13016
2R,900001,1000000," 950,000 ",0.2169,0.15185
2R,1000001,1100000," 1,050,000 ",0.5423,0.20608
2R,1100001,1200000," 1,150,000 ",0,0.20608
2R,1200001,1300000," 1,250,000 ",0,0.20608
2R,1300001,1400000," 1,350,000 ",0,0.20608
2R,1400001,1500000," 1,450,000 ",0.4339,0.24947
2R,1500001,1600000," 1,550,000 ",1.1931,0.36878
2R,1600001,1700000," 1,650,000 ",0.2169,0.39047
2R,1700001,1800000," 1,750,000 ",0.2169,0.41216
2R,1800001,1900000," 1,850,000 ",0,0.41216
2R,1900001,2000000," 1,950,000 ",0.3254,0.4447
2R,2000001,2100000," 2,050,000 ",0.5423,0.49893
2R,2100001,2200000," 2,150,000 ",0,0.49893
2R,2200001,2300000," 2,250,000 ",0.2169,0.52062
2R,2300001,2400000," 2,350,000 ",0,0.52062
2R,2400001,2500000," 2,450,000 ",0.9762,0.61824
2R,2500001,2600000," 2,550,000 ",0.5423,0.67247
2R,2600001,2700000," 2,650,000 ",0.5423,0.7267
2R,2700001,2800000," 2,750,000 ",0.1085,0.73755
2R,2800001,2900000," 2,850,000 ",0.1085,0.7484
2R,2900001,3000000," 2,950,000 ",1.8439,0.93279
2R,3000001,3100000," 3,050,000 ",0.4339,0.97618
2R,3100001,3200000," 3,150,000 ",0.2169,0.99787
2R,3200001,3300000," 3,250,000 ",0.7592,1.07379
2R,3300001,3400000," 3,350,000 ",2.3862,1.31241
2R,3400001,3500000," 3,450,000 ",0.5423,1.36664
2R,3500001,3600000," 3,550,000 ",2.2777,1.59441
2R,3600001,3700000," 3,650,000 ",0.3254,1.62695
2R,3700001,3800000," 3,750,000 ",2.2777,1.85472
2R,3800001,3900000," 3,850,000 ",0.5423,1.90895
2R,3900001,4000000," 3,950,000 ",0.4339,1.95234
2R,4000001,4100000," 4,050,000 ",1.41,2.09334
2R,4100001,4200000," 4,150,000 ",0.2169,2.11503
2R,4200001,4300000," 4,250,000 ",0.8677,2.2018
2R,4300001,4400000," 4,350,000 ",0.2169,2.22349
2R,4400001,4500000," 4,450,000 ",1.3016,2.35365
2R,4500001,4600000," 4,550,000 ",1.0846,2.46211
2R,4600001,4700000," 4,650,000 ",0.3254,2.49465
2R,4700001,4800000," 4,750,000 ",0.5423,2.54888
2R,4800001,4900000," 4,850,000 ",1.3016,2.67904
2R,4900001,5000000," 4,950,000 ",1.41,2.82004
2R,5000001,5100000," 5,050,000 ",0.8677,2.90681
2R,5100001,5200000," 5,150,000 ",0.6508,2.97189
2R,5200001,5300000," 5,250,000 ",2.4947,3.22136
2R,5300001,5400000," 5,350,000 ",5.5317,3.77453
2R,5400001,5500000," 5,450,000 ",2.6031,4.03484
2R,5500001,5600000," 5,550,000 ",1.1931,4.15415
2R,5600001,5700000," 5,650,000 ",3.9047,4.54462
2R,5700001,5800000," 5,750,000 ",1.0846,4.65308
2R,5800001,5900000," 5,850,000 ",0.7592,4.729
2R,5900001,6000000," 5,950,000 ",1.7354,4.90254
2R,6000001,6100000," 6,050,000 ",0.9762,5.00016
2R,6100001,6200000," 6,150,000 ",3.2539,5.32555
2R,6200001,6300000," 6,250,000 ",2.2777,5.55332
2R,6300001,6400000," 6,350,000 ",1.9524,5.74856
2R,6400001,6500000," 6,450,000 ",2.4947,5.99803
2R,6500001,6600000," 6,550,000 ",2.1693,6.21496
2R,6600001,6700000," 6,650,000 ",3.2539,6.54035
2R,6700001,6800000," 6,750,000 ",4.3386,6.97421
2R,6800001,6900000," 6,850,000 ",3.1455,7.28876
2R,6900001,7000000," 6,950,000 ",8.0263,8.09139
2R,7000001,7100000," 7,050,000 ",4.1216,8.50355
2R,7100001,7200000," 7,150,000 ",2.7116,8.77471
2R,7200001,7300000," 7,250,000 ",1.41,8.91571
2R,7300001,7400000," 7,350,000 ",2.4947,9.16518
2R,7400001,7500000," 7,450,000 ",3.9047,9.55565
2R,7500001,7600000," 7,550,000 ",7.701,10.32575
2R,7600001,7700000," 7,650,000 ",2.0608,10.53183
2R,7700001,7800000," 7,750,000 ",1.3016,10.66199
2R,7800001,7900000," 7,850,000 ",2.9285,10.95484
2R,7900001,8000000," 7,950,000 ",8.2433,11.77917
2R,8000001,8100000," 8,050,000 ",2.6031,12.03948
2R,8100001,8200000," 8,150,000 ",5.8571,12.62519
2R,8200001,8300000," 8,250,000 ",3.3624,12.96143
2R,8300001,8400000," 8,350,000 ",3.3624,13.29767
2R,8400001,8500000," 8,450,000 ",3.9047,13.68814
2R,8500001,8600000," 8,550,000 ",6.8332,14.37146
2R,8600001,8700000," 8,650,000 ",8.4602,15.21748
2R,8700001,8800000," 8,750,000 ",1.5185,15.36933
2R,8800001,8900000," 8,850,000 ",5.7486,15.94419
2R,8900001,9000000," 8,950,000 ",2.3862,16.18281
2R,9000001,9100000," 9,050,000 ",1.0846,16.29127
2R,9100001,9200000," 9,150,000 ",2.3862,16.52989
2R,9200001,9300000," 9,250,000 ",2.3862,16.76851
2R,9300001,9400000," 9,350,000 ",1.7354,16.94205
2R,9400001,9500000," 9,450,000 ",2.2777,17.16982
2R,9500001,9600000," 9,550,000 ",2.8201,17.45183
2R,9600001,9700000," 9,650,000 ",1.0846,17.56029
2R,9700001,9800000," 9,750,000 ",3.5793,17.91822
2R,9800001,9900000," 9,850,000 ",2.1693,18.13515
2R,9900001,10000000," 9,950,000 ",6.7248,18.80763
2R,10000001,10100000," 10,050,000 ",3.6878,19.17641
2R,10100001,10200000," 10,150,000 ",4.2301,19.59942
2R,10200001,10300000," 10,250,000 ",5.2063,20.12005
2R,10300001,10400000," 10,350,000 ",1.7354,20.29359
2R,10400001,10500000," 10,450,000 ",3.3624,20.62983
2R,10500001,10600000," 10,550,000 ",2.4947,20.8793
2R,10600001,10700000," 10,650,000 ",1.9524,21.07454
2R,10700001,10800000," 10,750,000 ",1.41,21.21554
2R,10800001,10900000," 10,850,000 ",4.3386,21.6494
2R,10900001,11000000," 10,950,000 ",6.074,22.2568
2R,11000001,11100000," 11,050,000 ",1.0846,22.36526
2R,11100001,11200000," 11,150,000 ",1.3016,22.49542
2R,11200001,11300000," 11,250,000 ",3.3624,22.83166
2R,11300001,11400000," 11,350,000 ",1.3016,22.96182
2R,11400001,11500000," 11,450,000 ",4.447,23.40652
2R,11500001,11600000," 11,550,000 ",2.9285,23.69937
2R,11600001,11700000," 11,650,000 ",4.1216,24.11153
2R,11700001,11800000," 11,750,000 ",2.1693,24.32846
2R,11800001,11900000," 11,850,000 ",3.9047,24.71893
2R,11900001,12000000," 11,950,000 ",3.5793,25.07686
2R,12000001,12100000," 12,050,000 ",6.7248,25.74934
2R,12100001,12200000," 12,150,000 ",8.1348,26.56282
2R,12200001,12300000," 12,250,000 ",3.1455,26.87737
2R,12300001,12400000," 12,350,000 ",4.447,27.32207
2R,12400001,12500000," 12,450,000 ",4.5555,27.77762
2R,12500001,12600000," 12,550,000 ",8.1348,28.5911
2R,12600001,12700000," 12,650,000 ",3.5793,28.94903
2R,12700001,12800000," 12,750,000 ",2.0608,29.15511
2R,12800001,12900000," 12,850,000 ",2.9285,29.44796
2R,12900001,13000000," 12,950,000 ",1.627,29.61066
2R,13000001,13100000," 13,050,000 ",2.9285,29.90351
2R,13100001,13200000," 13,150,000 ",1.7354,30.07705
2R,13200001,13300000," 13,250,000 ",4.9894,30.57599
2R,13300001,13400000," 13,350,000 ",2.8201,30.858
2R,13400001,13500000," 13,450,000 ",0.5423,30.91223
2R,13500001,13600000," 13,550,000 ",3.037,31.21593
2R,13600001,13700000," 13,650,000 ",2.3862,31.45455
2R,13700001,13800000," 13,750,000 ",4.0132,31.85587
2R,13800001,13900000," 13,850,000 ",7.8094,32.63681
2R,13900001,14000000," 13,950,000 ",4.447,33.08151
2R,14000001,14100000," 14,050,000 ",3.1455,33.39606
2R,14100001,14200000," 14,150,000 ",5.6401,33.96007
2R,14200001,14300000," 14,250,000 ",3.1455,34.27462
2R,14300001,14400000," 14,350,000 ",3.2539,34.60001
2R,14400001,14500000," 14,450,000 ",3.1455,34.91456
2R,14500001,14600000," 14,550,000 ",7.2671,35.64127
2R,14600001,14700000," 14,650,000 ",3.6878,36.01005
2R,14700001,14800000," 14,750,000 ",8.8941,36.89946
2R,14800001,14900000," 14,850,000 ",3.5793,37.25739
2R,14900001,15000000," 14,950,000 ",4.1216,37.66955
2R,15000001,15100000," 15,050,000 ",5.6401,38.23356
2R,15100001,15200000," 15,150,000 ",4.8809,38.72165
2R,15200001,15300000," 15,250,000 ",4.2301,39.14466
2R,15300001,15400000," 15,350,000 ",2.2777,39.37243
2R,15400001,15500000," 15,450,000 ",1.9524,39.56767
2R,15500001,15600000," 15,550,000 ",1.3016,39.69783
2R,15600001,15700000," 15,650,000 ",0.4339,39.74122
2R,15700001,15800000," 15,750,000 ",1.627,39.90392
2R,15800001,15900000," 15,850,000 ",1.7354,40.07746
2R,15900001,16000000," 15,950,000 ",0.2169,40.09915
2R,16000001,16100000," 16,050,000 ",3.037,40.40285
2R,16100001,16200000," 16,150,000 ",4.5555,40.8584
2R,16200001,16300000," 16,250,000 ",5.3147,41.38987
2R,16300001,16400000," 16,350,000 ",3.3624,41.72611
2R,16400001,16500000," 16,450,000 ",3.7962,42.10573
2R,16500001,16600000," 16,550,000 ",6.7248,42.77821
2R,16600001,16700000," 16,650,000 ",3.5793,43.13614
2R,16700001,16800000," 16,750,000 ",2.7116,43.4073
2R,16800001,16900000," 16,850,000 ",7.1586,44.12316
2R,16900001,17000000," 16,950,000 ",2.6031,44.38347
2R,17000001,17100000," 17,050,000 ",5.4232,44.92579
2R,17100001,17200000," 17,150,000 ",7.484,45.67419
2R,17200001,17300000," 17,250,000 ",2.6031,45.9345
2R,17300001,17400000," 17,350,000 ",2.4947,46.18397
2R,17400001,17500000," 17,450,000 ",6.074,46.79137
2R,17500001,17600000," 17,550,000 ",5.0978,47.30115
2R,17600001,17700000," 17,650,000 ",2.6031,47.56146
2R,17700001,17800000," 17,750,000 ",2.4947,47.81093
2R,17800001,17900000," 17,850,000 ",1.7354,47.98447
2R,17900001,18000000," 17,950,000 ",2.7116,48.25563
2R,18000001,18100000," 18,050,000 ",2.1693,48.47256
2R,18100001,18200000," 18,150,000 ",2.4947,48.72203
2R,18200001,18300000," 18,250,000 ",0.9762,48.81965
2R,18300001,18400000," 18,350,000 ",8.3517,49.65482
2R,18400001,18500000," 18,450,000 ",3.1455,49.96937
2R,18500001,18600000," 18,550,000 ",1.627,50.13207
2R,18600001,18700000," 18,650,000 ",2.2777,50.35984
2R,18700001,18800000," 18,750,000 ",3.1455,50.67439
2R,18800001,18900000," 18,850,000 ",2.4947,50.92386
2R,18900001,19000000," 18,950,000 ",3.1455,51.23841
2R,19000001,19100000," 19,050,000 ",2.3862,51.47703
2R,19100001,19200000," 19,150,000 ",1.41,51.61803
2R,19200001,19300000," 19,250,000 ",0.8677,51.7048
2R,19300001,19400000," 19,350,000 ",7.484,52.4532
2R,19400001,19500000," 19,450,000 ",6.3994,53.09314
2R,19500001,19600000," 19,550,000 ",3.7962,53.47276
2R,19600001,19700000," 19,650,000 ",5.8571,54.05847
2R,19700001,19800000," 19,750,000 ",1.8439,54.24286
2R,19800001,19900000," 19,850,000 ",2.1693,54.45979
2R,19900001,20000000," 19,950,000 ",1.5185,54.61164
2R,20000001,20100000," 20,050,000 ",1.7354,54.78518
2R,20100001,20200000," 20,150,000 ",3.4709,55.13227
2R,20200001,20300000," 20,250,000 ",1.3016,55.26243
2R,20300001,20400000," 20,350,000 ",2.3862,55.50105
2R,20400001,20500000," 20,450,000 ",1.3016,55.63121
2R,20500001,20600000," 20,550,000 ",2.3862,55.86983
2R,20600001,20700000," 20,650,000 ",1.8439,56.05422
2R,20700001,20800000," 20,750,000 ",3.5793,56.41215
2R,20800001,20900000," 20,850,000 ",0.2169,56.43384
2R,20900001,21000000," 20,950,000 ",0.1085,56.44469
2R,21000001,21100000," 21,050,000 ",0,56.44469
2R,21100001,21200000," 21,150,000 ",0,56.44469
3L,1,100000," 50,000 ",0,0
3L,100001,200000," 150,000 ",0,0
3L,200001,300000," 250,000 ",0.2077,0.02077
3L,300001,400000," 350,000 ",0.8999,0.11076
3L,400001,500000," 450,000 ",0.4154,0.1523
3L,500001,600000," 550,000 ",0.4154,0.19384
3L,600001,700000," 650,000 ",1.3153,0.32537
3L,700001,800000," 750,000 ",2.4229,0.56766
3L,800001,900000," 850,000 ",1.4537,0.71303
3L,900001,1000000," 950,000 ",1.3153,0.84456
3L,1000001,1100000," 1,050,000 ",2.6998,1.11454
3L,1100001,1200000," 1,150,000 ",2.2845,1.34299
3L,1200001,1300000," 1,250,000 ",1.6614,1.50913
3L,1300001,1400000," 1,350,000 ",1.523,1.66143
3L,1400001,1500000," 1,450,000 ",3.669,2.02833
3L,1500001,1600000," 1,550,000 ",3.5305,2.38138
3L,1600001,1700000," 1,650,000 ",1.6614,2.54752
3L,1700001,1800000," 1,750,000 ",1.3845,2.68597
3L,1800001,1900000," 1,850,000 ",3.1844,3.00441
3L,1900001,2000000," 1,950,000 ",3.9459,3.399
3L,2000001,2100000," 2,050,000 ",1.4537,3.54437
3L,2100001,2200000," 2,150,000 ",4.8458,4.02895
3L,2200001,2300000," 2,250,000 ",2.0075,4.2297
3L,2300001,2400000," 2,350,000 ",2.0768,4.43738
3L,2400001,2500000," 2,450,000 ",1.2461,4.56199
3L,2500001,2600000," 2,550,000 ",4.4305,5.00504
3L,2600001,2700000," 2,650,000 ",2.769,5.28194
3L,2700001,2800000," 2,750,000 ",5.4688,5.82882
3L,2800001,2900000," 2,850,000 ",0.9692,5.92574
3L,2900001,3000000," 2,950,000 ",2.0075,6.12649
3L,3000001,3100000," 3,050,000 ",1.1768,6.24417
3L,3100001,3200000," 3,150,000 ",1.3153,6.3757
3L,3200001,3300000," 3,250,000 ",2.0768,6.58338
3L,3300001,3400000," 3,350,000 ",1.2461,6.70799
3L,3400001,3500000," 3,450,000 ",2.2152,6.92951
3L,3500001,3600000," 3,550,000 ",1.4537,7.07488
3L,3600001,3700000," 3,650,000 ",1.1076,7.18564
3L,3700001,3800000," 3,750,000 ",4.0843,7.59407
3L,3800001,3900000," 3,850,000 ",4.4997,8.04404
3L,3900001,4000000," 3,950,000 ",3.5997,8.40401
3L,4000001,4100000," 4,050,000 ",2.4229,8.6463
3L,4100001,4200000," 4,150,000 ",2.8383,8.93013
3L,4200001,4300000," 4,250,000 ",2.2845,9.15858
3L,4300001,4400000," 4,350,000 ",3.5305,9.51163
3L,4400001,4500000," 4,450,000 ",2.2152,9.73315
3L,4500001,4600000," 4,550,000 ",4.0843,10.14158
3L,4600001,4700000," 4,650,000 ",6.5765,10.79923
3L,4700001,4800000," 4,750,000 ",2.2152,11.02075
3L,4800001,4900000," 4,850,000 ",2.146,11.23535
3L,4900001,5000000," 4,950,000 ",3.1152,11.54687
3L,5000001,5100000," 5,050,000 ",5.0535,12.05222
3L,5100001,5200000," 5,150,000 ",1.523,12.20452
3L,5200001,5300000," 5,250,000 ",5.1227,12.71679
3L,5300001,5400000," 5,350,000 ",2.6306,12.97985
3L,5400001,5500000," 5,450,000 ",1.7306,13.15291
3L,5500001,5600000," 5,550,000 ",1.8691,13.33982
3L,5600001,5700000," 5,650,000 ",1.7999,13.51981
3L,5700001,5800000," 5,750,000 ",2.3537,13.75518
3L,5800001,5900000," 5,850,000 ",2.769,14.03208
3L,5900001,6000000," 5,950,000 ",1.4537,14.17745
3L,6000001,6100000," 6,050,000 ",0.8999,14.26744
3L,6100001,6200000," 6,150,000 ",1.3153,14.39897
3L,6200001,6300000," 6,250,000 ",0.8999,14.48896
3L,6300001,6400000," 6,350,000 ",2.146,14.70356
3L,6400001,6500000," 6,450,000 ",1.0384,14.8074
3L,6500001,6600000," 6,550,000 ",3.1844,15.12584
3L,6600001,6700000," 6,650,000 ",0.6923,15.19507
3L,6700001,6800000," 6,750,000 ",1.3845,15.33352
3L,6800001,6900000," 6,850,000 ",1.6614,15.49966
3L,6900001,7000000," 6,950,000 ",3.1152,15.81118
3L,7000001,7100000," 7,050,000 ",2.6306,16.07424
3L,7100001,7200000," 7,150,000 ",5.1227,16.58651
3L,7200001,7300000," 7,250,000 ",3.3228,16.91879
3L,7300001,7400000," 7,350,000 ",1.9383,17.11262
3L,7400001,7500000," 7,450,000 ",3.1152,17.42414
3L,7500001,7600000," 7,550,000 ",2.0075,17.62489
3L,7600001,7700000," 7,650,000 ",1.1076,17.73565
3L,7700001,7800000," 7,750,000 ",0.8307,17.81872
3L,7800001,7900000," 7,850,000 ",3.2536,18.14408
3L,7900001,8000000," 7,950,000 ",2.6998,18.41406
3L,8000001,8100000," 8,050,000 ",4.4305,18.85711
3L,8100001,8200000," 8,150,000 ",1.8691,19.04402
3L,8200001,8300000," 8,250,000 ",1.9383,19.23785
3L,8300001,8400000," 8,350,000 ",2.2152,19.45937
3L,8400001,8500000," 8,450,000 ",2.6306,19.72243
3L,8500001,8600000," 8,550,000 ",3.8766,20.11009
3L,8600001,8700000," 8,650,000 ",3.669,20.47699
3L,8700001,8800000," 8,750,000 ",3.8766,20.86465
3L,8800001,8900000," 8,850,000 ",2.6306,21.12771
3L,8900001,9000000," 8,950,000 ",1.4537,21.27308
3L,9000001,9100000," 9,050,000 ",1.1076,21.38384
3L,9100001,9200000," 9,150,000 ",5.0535,21.88919
3L,9200001,9300000," 9,250,000 ",7.8225,22.67144
3L,9300001,9400000," 9,350,000 ",2.9075,22.96219
3L,9400001,9500000," 9,450,000 ",0.6923,23.03142
3L,9500001,9600000," 9,550,000 ",3.669,23.39832
3L,9600001,9700000," 9,650,000 ",3.1844,23.71676
3L,9700001,9800000," 9,750,000 ",3.3921,24.05597
3L,9800001,9900000," 9,850,000 ",1.1076,24.16673
3L,9900001,10000000," 9,950,000 ",2.5614,24.42287
3L,10000001,10100000," 10,050,000 ",1.0384,24.52671
3L,10100001,10200000," 10,150,000 ",2.9075,24.81746
3L,10200001,10300000," 10,250,000 ",1.1768,24.93514
3L,10300001,10400000," 10,350,000 ",2.0768,25.14282
3L,10400001,10500000," 10,450,000 ",5.2612,25.66894
3L,10500001,10600000," 10,550,000 ",7.5456,26.4235
3L,10600001,10700000," 10,650,000 ",3.4613,26.76963
3L,10700001,10800000," 10,750,000 ",3.9459,27.16422
3L,10800001,10900000," 10,850,000 ",3.5305,27.51727
3L,10900001,11000000," 10,950,000 ",4.292,27.94647
3L,11000001,11100000," 11,050,000 ",4.2228,28.36875
3L,11100001,11200000," 11,150,000 ",3.1152,28.68027
3L,11200001,11300000," 11,250,000 ",4.0843,29.0887
3L,11300001,11400000," 11,350,000 ",3.0459,29.39329
3L,11400001,11500000," 11,450,000 ",3.1844,29.71173
3L,11500001,11600000," 11,550,000 ",2.769,29.98863
3L,11600001,11700000," 11,650,000 ",0.623,30.05093
3L,11700001,11800000," 11,750,000 ",0.4154,30.09247
3L,11800001,11900000," 11,850,000 ",1.6614,30.25861
3L,11900001,12000000," 11,950,000 ",1.8691,30.44552
3L,12000001,12100000," 12,050,000 ",3.4613,30.79165
3L,12100001,12200000," 12,150,000 ",1.4537,30.93702
3L,12200001,12300000," 12,250,000 ",1.5922,31.09624
3L,12300001,12400000," 12,350,000 ",2.2152,31.31776
3L,12400001,12500000," 12,450,000 ",5.9534,31.9131
3L,12500001,12600000," 12,550,000 ",6.5072,32.56382
3L,12600001,12700000," 12,650,000 ",4.2228,32.9861
3L,12700001,12800000," 12,750,000 ",2.2152,33.20762
3L,12800001,12900000," 12,850,000 ",3.3921,33.54683
3L,12900001,13000000," 12,950,000 ",2.6306,33.80989
3L,13000001,13100000," 13,050,000 ",1.8691,33.9968
3L,13100001,13200000," 13,150,000 ",2.2152,34.21832
3L,13200001,13300000," 13,250,000 ",1.8691,34.40523
3L,13300001,13400000," 13,350,000 ",1.523,34.55753
3L,13400001,13500000," 13,450,000 ",1.3153,34.68906
3L,13500001,13600000," 13,550,000 ",1.4537,34.83443
3L,13600001,13700000," 13,650,000 ",0.4846,34.88289
3L,13700001,13800000," 13,750,000 ",0.6923,34.95212
3L,13800001,13900000," 13,850,000 ",1.2461,35.07673
3L,13900001,14000000," 13,950,000 ",3.2536,35.40209
3L,14000001,14100000," 14,050,000 ",1.9383,35.59592
3L,14100001,14200000," 14,150,000 ",0.9692,35.69284
3L,14200001,14300000," 14,250,000 ",2.2845,35.92129
3L,14300001,14400000," 14,350,000 ",1.3845,36.05974
3L,14400001,14500000," 14,450,000 ",0.8999,36.14973
3L,14500001,14600000," 14,550,000 ",1.1076,36.26049
3L,14600001,14700000," 14,650,000 ",0.3461,36.2951
3L,14700001,14800000," 14,750,000 ",0.4846,36.34356
3L,14800001,14900000," 14,850,000 ",0.7615,36.41971
3L,14900001,15000000," 14,950,000 ",0.3461,36.45432
3L,15000001,15100000," 15,050,000 ",0.7615,36.53047
3L,15100001,15200000," 15,150,000 ",1.0384,36.63431
3L,15200001,15300000," 15,250,000 ",1.5922,36.79353
3L,15300001,15400000," 15,350,000 ",1.4537,36.9389
3L,15400001,15500000," 15,450,000 ",1.6614,37.10504
3L,15500001,15600000," 15,550,000 ",1.2461,37.22965
3L,15600001,15700000," 15,650,000 ",1.523,37.38195
3L,15700001,15800000," 15,750,000 ",3.669,37.74885
3L,15800001,15900000," 15,850,000 ",0.7615,37.825
3L,15900001,16000000," 15,950,000 ",2.4921,38.07421
3L,16000001,16100000," 16,050,000 ",1.1768,38.19189
3L,16100001,16200000," 16,150,000 ",2.3537,38.42726
3L,16200001,16300000," 16,250,000 ",0.5538,38.48264
3L,16300001,16400000," 16,350,000 ",1.523,38.63494
3L,16400001,16500000," 16,450,000 ",3.3228,38.96722
3L,16500001,16600000," 16,550,000 ",2.146,39.18182
3L,16600001,16700000," 16,650,000 ",0.8999,39.27181
3L,16700001,16800000," 16,750,000 ",1.1768,39.38949
3L,16800001,16900000," 16,850,000 ",1.4537,39.53486
3L,16900001,17000000," 16,950,000 ",0.7615,39.61101
3L,17000001,17100000," 17,050,000 ",1.4537,39.75638
3L,17100001,17200000," 17,150,000 ",3.5997,40.11635
3L,17200001,17300000," 17,250,000 ",3.3228,40.44863
3L,17300001,17400000," 17,350,000 ",1.8691,40.63554
3L,17400001,17500000," 17,450,000 ",1.5922,40.79476
3L,17500001,17600000," 17,550,000 ",2.146,41.00936
3L,17600001,17700000," 17,650,000 ",1.3153,41.14089
3L,17700001,17800000," 17,750,000 ",0.2769,41.16858
3L,17800001,17900000," 17,850,000 ",0.1385,41.18243
3L,17900001,18000000," 17,950,000 ",1.3153,41.31396
3L,18000001,18100000," 18,050,000 ",0.6923,41.38319
3L,18100001,18200000," 18,150,000 ",1.7999,41.56318
3L,18200001,18300000," 18,250,000 ",0.8307,41.64625
3L,18300001,18400000," 18,350,000 ",0.0692,41.65317
3L,18400001,18500000," 18,450,000 ",0.1385,41.66702
3L,18500001,18600000," 18,550,000 ",1.3153,41.79855
3L,18600001,18700000," 18,650,000 ",0.4846,41.84701
3L,18700001,18800000," 18,750,000 ",0.6923,41.91624
3L,18800001,18900000," 18,850,000 ",1.0384,42.02008
3L,18900001,19000000," 18,950,000 ",2.146,42.23468
3L,19000001,19100000," 19,050,000 ",0.8999,42.32467
3L,19100001,19200000," 19,150,000 ",0.8307,42.40774
3L,19200001,19300000," 19,250,000 ",0.6923,42.47697
3L,19300001,19400000," 19,350,000 ",0.4846,42.52543
3L,19400001,19500000," 19,450,000 ",2.769,42.80233
3L,19500001,19600000," 19,550,000 ",0.4154,42.84387
3L,19600001,19700000," 19,650,000 ",2.3537,43.07924
3L,19700001,19800000," 19,750,000 ",0.4154,43.12078
3L,19800001,19900000," 19,850,000 ",0.4154,43.16232
3L,19900001,20000000," 19,950,000 ",2.9767,43.45999
3L,20000001,20100000," 20,050,000 ",0.2077,43.48076
3L,20100001,20200000," 20,150,000 ",0.1385,43.49461
3L,20200001,20300000," 20,250,000 ",0,43.49461
3L,20300001,20400000," 20,350,000 ",1.3845,43.63306
3L,20400001,20500000," 20,450,000 ",0.1385,43.64691
3L,20500001,20600000," 20,550,000 ",0.4154,43.68845
3L,20600001,20700000," 20,650,000 ",0.3461,43.72306
3L,20700001,20800000," 20,750,000 ",0,43.72306
3L,20800001,20900000," 20,850,000 ",0.2077,43.74383
3L,20900001,21000000," 20,950,000 ",0.1385,43.75768
3L,21000001,21100000," 21,050,000 ",0.2769,43.78537
3L,21100001,21200000," 21,150,000 ",0.0692,43.79229
3L,21200001,21300000," 21,250,000 ",0.0692,43.79921
3L,21300001,21400000," 21,350,000 ",0.1385,43.81306
3L,21400001,21500000," 21,450,000 ",0.0692,43.81998
3L,21500001,21600000," 21,550,000 ",0,43.81998
3L,21600001,21700000," 21,650,000 ",0.3461,43.85459
3L,21700001,21800000," 21,750,000 ",1.1768,43.97227
3L,21800001,21900000," 21,850,000 ",0,43.97227
3L,21900001,22000000," 21,950,000 ",0.1385,43.98612
3L,22000001,22100000," 22,050,000 ",0,43.98612
3L,22100001,22200000," 22,150,000 ",0,43.98612
3L,22200001,22300000," 22,250,000 ",0,43.98612
3L,22300001,22400000," 22,350,000 ",0.1385,43.99997
3L,22400001,22500000," 22,450,000 ",0.0692,44.00689
3L,22500001,22600000," 22,550,000 ",0,44.00689
3L,22600001,22700000," 22,650,000 ",0,44.00689
3L,22700001,22800000," 22,750,000 ",0,44.00689
3L,22800001,22900000," 22,850,000 ",0.0692,44.01381
3L,22900001,23000000," 22,950,000 ",0.2769,44.0415
3L,23000001,23100000," 23,050,000 ",0,44.0415
3L,23100001,23200000," 23,150,000 ",0.0692,44.04842
3L,23200001,23300000," 23,250,000 ",0,44.04842
3L,23300001,23400000," 23,350,000 ",0,44.04842
3L,23400001,23500000," 23,450,000 ",0,44.04842
3L,23500001,23600000," 23,550,000 ",0.0692,44.05534
3L,23600001,23700000," 23,650,000 ",0,44.05534
3L,23700001,23800000," 23,750,000 ",0.0692,44.06226
3L,23800001,23900000," 23,850,000 ",0.1385,44.07611
3L,23900001,24000000," 23,950,000 ",0,44.07611
3L,24000001,24100000," 24,050,000 ",0.0692,44.08303
3L,24100001,24200000," 24,150,000 ",0,44.08303
3L,24200001,24300000," 24,250,000 ",0,44.08303
3L,24300001,24400000," 24,350,000 ",0,44.08303
3L,24400001,24500000," 24,450,000 ",0,44.08303
3L,24500001,24600000," 24,550,000 ",0,44.08303
3R,1,100000," 50,000.0 ",0,0
3R,100001,200000," 150,000.0 ",0,0
3R,200001,300000," 250,000.0 ",0,0
3R,300001,400000," 350,000.0 ",0,0
3R,400001,500000," 450,000.0 ",0,0
3R,500001,600000," 550,000.0 ",0,0
3R,600001,700000," 650,000.0 ",0,0
3R,700001,800000," 750,000.0 ",0.1088,0.01088
3R,800001,900000," 850,000.0 ",0,0.01088
3R,900001,1000000," 950,000.0 ",0,0.01088
3R,1000001,1100000," 1,050,000.0 ",0,0.01088
3R,1100001,1200000," 1,150,000.0 ",0,0.01088
3R,1200001,1300000," 1,250,000.0 ",0,0.01088
3R,1300001,1400000," 1,350,000.0 ",0,0.01088
3R,1400001,1500000," 1,450,000.0 ",0,0.01088
3R,1500001,1600000," 1,550,000.0 ",0,0.01088
3R,1600001,1700000," 1,650,000.0 ",0,0.01088
3R,1700001,1800000," 1,750,000.0 ",0.1088,0.02176
3R,1800001,1900000," 1,850,000.0 ",0,0.02176
3R,1900001,2000000," 1,950,000.0 ",0.1088,0.03264
3R,2000001,2100000," 2,050,000.0 ",0,0.03264
3R,2100001,2200000," 2,150,000.0 ",0.2176,0.0544
3R,2200001,2300000," 2,250,000.0 ",0,0.0544
3R,2300001,2400000," 2,350,000.0 ",0,0.0544
3R,2400001,2500000," 2,450,000.0 ",0.3264,0.08704
3R,2500001,2600000," 2,550,000.0 ",0,0.08704
3R,2600001,2700000," 2,650,000.0 ",0,0.08704
3R,2700001,2800000," 2,750,000.0 ",0.3264,0.11968
3R,2800001,2900000," 2,850,000.0 ",0.2176,0.14144
3R,2900001,3000000," 2,950,000.0 ",0.1088,0.15232
3R,3000001,3100000," 3,050,000.0 ",0,0.15232
3R,3100001,3200000," 3,150,000.0 ",0,0.15232
3R,3200001,3300000," 3,250,000.0 ",0.3264,0.18496
3R,3300001,3400000," 3,350,000.0 ",0.6529,0.25025
3R,3400001,3500000," 3,450,000.0 ",0.2176,0.27201
3R,3500001,3600000," 3,550,000.0 ",0.1088,0.28289
3R,3600001,3700000," 3,650,000.0 ",1.0881,0.3917
3R,3700001,3800000," 3,750,000.0 ",0.7617,0.46787
3R,3800001,3900000," 3,850,000.0 ",1.9587,0.66374
3R,3900001,4000000," 3,950,000.0 ",0.1088,0.67462
3R,4000001,4100000," 4,050,000.0 ",0.7617,0.75079
3R,4100001,4200000," 4,150,000.0 ",0.9793,0.84872
3R,4200001,4300000," 4,250,000.0 ",1.8498,1.0337
3R,4300001,4400000," 4,350,000.0 ",2.7204,1.30574
3R,4400001,4500000," 4,450,000.0 ",0.5441,1.36015
3R,4500001,4600000," 4,550,000.0 ",0,1.36015
3R,4600001,4700000," 4,650,000.0 ",0.3264,1.39279
3R,4700001,4800000," 4,750,000.0 ",1.0881,1.5016
3R,4800001,4900000," 4,850,000.0 ",2.1763,1.71923
3R,4900001,5000000," 4,950,000.0 ",0.3264,1.75187
3R,5000001,5100000," 5,050,000.0 ",1.3058,1.88245
3R,5100001,5200000," 5,150,000.0 ",0.9793,1.98038
3R,5200001,5300000," 5,250,000.0 ",0.2176,2.00214
3R,5300001,5400000," 5,350,000.0 ",0,2.00214
3R,5400001,5500000," 5,450,000.0 ",0.7617,2.07831
3R,5500001,5600000," 5,550,000.0 ",0.4353,2.12184
3R,5600001,5700000," 5,650,000.0 ",0.8705,2.20889
3R,5700001,5800000," 5,750,000.0 ",1.3058,2.33947
3R,5800001,5900000," 5,850,000.0 ",1.4146,2.48093
3R,5900001,6000000," 5,950,000.0 ",0.3264,2.51357
3R,6000001,6100000," 6,050,000.0 ",0.2176,2.53533
3R,6100001,6200000," 6,150,000.0 ",0.1088,2.54621
3R,6200001,6300000," 6,250,000.0 ",0.5441,2.60062
3R,6300001,6400000," 6,350,000.0 ",0.5441,2.65503
3R,6400001,6500000," 6,450,000.0 ",1.197,2.77473
3R,6500001,6600000," 6,550,000.0 ",0.9793,2.87266
3R,6600001,6700000," 6,650,000.0 ",0.9793,2.97059
3R,6700001,6800000," 6,750,000.0 ",1.0881,3.0794
3R,6800001,6900000," 6,850,000.0 ",0.9793,3.17733
3R,6900001,7000000," 6,950,000.0 ",3.8085,3.55818
3R,7000001,7100000," 7,050,000.0 ",0.8705,3.64523
3R,7100001,7200000," 7,150,000.0 ",2.8292,3.92815
3R,7200001,7300000," 7,250,000.0 ",1.8498,4.11313
3R,7300001,7400000," 7,350,000.0 ",2.7204,4.38517
3R,7400001,7500000," 7,450,000.0 ",1.197,4.50487
3R,7500001,7600000," 7,550,000.0 ",1.3058,4.63545
3R,7600001,7700000," 7,650,000.0 ",1.0881,4.74426
3R,7700001,7800000," 7,750,000.0 ",0.7617,4.82043
3R,7800001,7900000," 7,850,000.0 ",0.6529,4.88572
3R,7900001,8000000," 7,950,000.0 ",1.741,5.05982
3R,8000001,8100000," 8,050,000.0 ",1.3058,5.1904
3R,8100001,8200000," 8,150,000.0 ",1.741,5.3645
3R,8200001,8300000," 8,250,000.0 ",0.6529,5.42979
3R,8300001,8400000," 8,350,000.0 ",0.3264,5.46243
3R,8400001,8500000," 8,450,000.0 ",2.5027,5.7127
3R,8500001,8600000," 8,550,000.0 ",1.6322,5.87592
3R,8600001,8700000," 8,650,000.0 ",0.4353,5.91945
3R,8700001,8800000," 8,750,000.0 ",1.3058,6.05003
3R,8800001,8900000," 8,850,000.0 ",1.6322,6.21325
3R,8900001,9000000," 8,950,000.0 ",3.0468,6.51793
3R,9000001,9100000," 9,050,000.0 ",0.8705,6.60498
3R,9100001,9200000," 9,150,000.0 ",0.3264,6.63762
3R,9200001,9300000," 9,250,000.0 ",0.7617,6.71379
3R,9300001,9400000," 9,350,000.0 ",0.8705,6.80084
3R,9400001,9500000," 9,450,000.0 ",0.5441,6.85525
3R,9500001,9600000," 9,550,000.0 ",0.8705,6.9423
3R,9600001,9700000," 9,650,000.0 ",1.8498,7.12728
3R,9700001,9800000," 9,750,000.0 ",3.0468,7.43196
3R,9800001,9900000," 9,850,000.0 ",7.5082,8.18278
3R,9900001,10000000," 9,950,000.0 ",3.2644,8.50922
3R,10000001,10100000," 10,050,000.0 ",1.9587,8.70509
3R,10100001,10200000," 10,150,000.0 ",1.6322,8.86831
3R,10200001,10300000," 10,250,000.0 ",8.0522,9.67353
3R,10300001,10400000," 10,350,000.0 ",1.9587,9.8694
3R,10400001,10500000," 10,450,000.0 ",1.6322,10.03262
3R,10500001,10600000," 10,550,000.0 ",3.2644,10.35906
3R,10600001,10700000," 10,650,000.0 ",0.8705,10.44611
3R,10700001,10800000," 10,750,000.0 ",1.9587,10.64198
3R,10800001,10900000," 10,850,000.0 ",3.9173,11.03371
3R,10900001,11000000," 10,950,000.0 ",4.0261,11.43632
3R,11000001,11100000," 11,050,000.0 ",1.8498,11.6213
3R,11100001,11200000," 11,150,000.0 ",2.7204,11.89334
3R,11200001,11300000," 11,250,000.0 ",5.4407,12.43741
3R,11300001,11400000," 11,350,000.0 ",2.6115,12.69856
3R,11400001,11500000," 11,450,000.0 ",0.7617,12.77473
3R,11500001,11600000," 11,550,000.0 ",3.6997,13.1447
3R,11600001,11700000," 11,650,000.0 ",2.8292,13.42762
3R,11700001,11800000," 11,750,000.0 ",1.741,13.60172
3R,11800001,11900000," 11,850,000.0 ",0.7617,13.67789
3R,11900001,12000000," 11,950,000.0 ",1.9587,13.87376
3R,12000001,12100000," 12,050,000.0 ",1.3058,14.00434
3R,12100001,12200000," 12,150,000.0 ",0.7617,14.08051
3R,12200001,12300000," 12,250,000.0 ",1.741,14.25461
3R,12300001,12400000," 12,350,000.0 ",1.8498,14.43959
3R,12400001,12500000," 12,450,000.0 ",0.6529,14.50488
3R,12500001,12600000," 12,550,000.0 ",1.4146,14.64634
3R,12600001,12700000," 12,650,000.0 ",0.7617,14.72251
3R,12700001,12800000," 12,750,000.0 ",0.4353,14.76604
3R,12800001,12900000," 12,850,000.0 ",0.7617,14.84221
3R,12900001,13000000," 12,950,000.0 ",1.4146,14.98367
3R,13000001,13100000," 13,050,000.0 ",1.741,15.15777
3R,13100001,13200000," 13,150,000.0 ",0.5441,15.21218
3R,13200001,13300000," 13,250,000.0 ",1.741,15.38628
3R,13300001,13400000," 13,350,000.0 ",1.5234,15.53862
3R,13400001,13500000," 13,450,000.0 ",1.6322,15.70184
3R,13500001,13600000," 13,550,000.0 ",3.2644,16.02828
3R,13600001,13700000," 13,650,000.0 ",0.5441,16.08269
3R,13700001,13800000," 13,750,000.0 ",1.9587,16.27856
3R,13800001,13900000," 13,850,000.0 ",4.3526,16.71382
3R,13900001,14000000," 13,950,000.0 ",2.0675,16.92057
3R,14000001,14100000," 14,050,000.0 ",8.3787,17.75844
3R,14100001,14200000," 14,150,000.0 ",3.8085,18.13929
3R,14200001,14300000," 14,250,000.0 ",1.5234,18.29163
3R,14300001,14400000," 14,350,000.0 ",4.679,18.75953
3R,14400001,14500000," 14,450,000.0 ",2.938,19.05333
3R,14500001,14600000," 14,550,000.0 ",1.4146,19.19479
3R,14600001,14700000," 14,650,000.0 ",4.1349,19.60828
3R,14700001,14800000," 14,750,000.0 ",8.9228,20.50056
3R,14800001,14900000," 14,850,000.0 ",3.8085,20.88141
3R,14900001,15000000," 14,950,000.0 ",2.938,21.17521
3R,15000001,15100000," 15,050,000.0 ",7.1817,21.89338
3R,15100001,15200000," 15,150,000.0 ",14.7987,23.37325
3R,15200001,15300000," 15,250,000.0 ",4.4614,23.81939
3R,15300001,15400000," 15,350,000.0 ",2.6115,24.08054
3R,15400001,15500000," 15,450,000.0 ",5.3319,24.61373
3R,15500001,15600000," 15,550,000.0 ",1.4146,24.75519
3R,15600001,15700000," 15,650,000.0 ",4.3526,25.19045
3R,15700001,15800000," 15,750,000.0 ",1.5234,25.34279
3R,15800001,15900000," 15,850,000.0 ",5.876,25.93039
3R,15900001,16000000," 15,950,000.0 ",4.1349,26.34388
3R,16000001,16100000," 16,050,000.0 ",5.2231,26.86619
3R,16100001,16200000," 16,150,000.0 ",13.0577,28.17196
3R,16200001,16300000," 16,250,000.0 ",1.197,28.29166
3R,16300001,16400000," 16,350,000.0 ",2.1763,28.50929
3R,16400001,16500000," 16,450,000.0 ",0.6529,28.57458
3R,16500001,16600000," 16,550,000.0 ",1.5234,28.72692
3R,16600001,16700000," 16,650,000.0 ",1.3058,28.8575
3R,16700001,16800000," 16,750,000.0 ",2.6115,29.11865
3R,16800001,16900000," 16,850,000.0 ",1.0881,29.22746
3R,16900001,17000000," 16,950,000.0 ",3.1556,29.54302
3R,17000001,17100000," 17,050,000.0 ",3.5909,29.90211
3R,17100001,17200000," 17,150,000.0 ",0.4353,29.94564
3R,17200001,17300000," 17,250,000.0 ",0.1088,29.95652
3R,17300001,17400000," 17,350,000.0 ",2.8292,30.23944
3R,17400001,17500000," 17,450,000.0 ",0.9793,30.33737
3R,17500001,17600000," 17,550,000.0 ",2.8292,30.62029
3R,17600001,17700000," 17,650,000.0 ",5.6583,31.18612
3R,17700001,17800000," 17,750,000.0 ",3.4821,31.53433
3R,17800001,17900000," 17,850,000.0 ",3.0468,31.83901
3R,17900001,18000000," 17,950,000.0 ",4.0261,32.24162
3R,18000001,18100000," 18,050,000.0 ",3.8085,32.62247
3R,18100001,18200000," 18,150,000.0 ",2.1763,32.8401
3R,18200001,18300000," 18,250,000.0 ",1.9587,33.03597
3R,18300001,18400000," 18,350,000.0 ",3.4821,33.38418
3R,18400001,18500000," 18,450,000.0 ",2.5027,33.63445
3R,18500001,18600000," 18,550,000.0 ",4.8966,34.12411
3R,18600001,18700000," 18,650,000.0 ",4.7878,34.60289
3R,18700001,18800000," 18,750,000.0 ",1.9587,34.79876
3R,18800001,18900000," 18,850,000.0 ",2.938,35.09256
3R,18900001,19000000," 18,950,000.0 ",3.1556,35.40812
3R,19000001,19100000," 19,050,000.0 ",3.2644,35.73456
3R,19100001,19200000," 19,150,000.0 ",3.8085,36.11541
3R,19200001,19300000," 19,250,000.0 ",6.3112,36.74653
3R,19300001,19400000," 19,350,000.0 ",1.6322,36.90975
3R,19400001,19500000," 19,450,000.0 ",5.3319,37.44294
3R,19500001,19600000," 19,550,000.0 ",2.938,37.73674
3R,19600001,19700000," 19,650,000.0 ",2.0675,37.94349
3R,19700001,19800000," 19,750,000.0 ",2.6115,38.20464
3R,19800001,19900000," 19,850,000.0 ",1.4146,38.3461
3R,19900001,20000000," 19,950,000.0 ",1.8498,38.53108
3R,20000001,20100000," 20,050,000.0 ",1.0881,38.63989
3R,20100001,20200000," 20,150,000.0 ",1.4146,38.78135
3R,20200001,20300000," 20,250,000.0 ",2.7204,39.05339
3R,20300001,20400000," 20,350,000.0 ",5.876,39.64099
3R,20400001,20500000," 20,450,000.0 ",2.6115,39.90214
3R,20500001,20600000," 20,550,000.0 ",3.6997,40.27211
3R,20600001,20700000," 20,650,000.0 ",3.0468,40.57679
3R,20700001,20800000," 20,750,000.0 ",2.938,40.87059
3R,20800001,20900000," 20,850,000.0 ",2.0675,41.07734
3R,20900001,21000000," 20,950,000.0 ",3.0468,41.38202
3R,21000001,21100000," 21,050,000.0 ",2.3939,41.62141
3R,21100001,21200000," 21,150,000.0 ",1.197,41.74111
3R,21200001,21300000," 21,250,000.0 ",1.6322,41.90433
3R,21300001,21400000," 21,350,000.0 ",2.6115,42.16548
3R,21400001,21500000," 21,450,000.0 ",2.8292,42.4484
3R,21500001,21600000," 21,550,000.0 ",0.4353,42.49193
3R,21600001,21700000," 21,650,000.0 ",2.1763,42.70956
3R,21700001,21800000," 21,750,000.0 ",2.3939,42.94895
3R,21800001,21900000," 21,850,000.0 ",2.7204,43.22099
3R,21900001,22000000," 21,950,000.0 ",0.7617,43.29716
3R,22000001,22100000," 22,050,000.0 ",1.197,43.41686
3R,22100001,22200000," 22,150,000.0 ",2.5027,43.66713
3R,22200001,22300000," 22,250,000.0 ",0.9793,43.76506
3R,22300001,22400000," 22,350,000.0 ",0.8705,43.85211
3R,22400001,22500000," 22,450,000.0 ",1.6322,44.01533
3R,22500001,22600000," 22,550,000.0 ",3.6997,44.3853
3R,22600001,22700000," 22,650,000.0 ",3.5909,44.74439
3R,22700001,22800000," 22,750,000.0 ",3.3732,45.08171
3R,22800001,22900000," 22,850,000.0 ",0.3264,45.11435
3R,22900001,23000000," 22,950,000.0 ",2.8292,45.39727
3R,23000001,23100000," 23,050,000.0 ",4.2438,45.82165
3R,23100001,23200000," 23,150,000.0 ",1.8498,46.00663
3R,23200001,23300000," 23,250,000.0 ",5.2231,46.52894
3R,23300001,23400000," 23,350,000.0 ",2.5027,46.77921
3R,23400001,23500000," 23,450,000.0 ",1.5234,46.93155
3R,23500001,23600000," 23,550,000.0 ",3.5909,47.29064
3R,23600001,23700000," 23,650,000.0 ",4.3526,47.7259
3R,23700001,23800000," 23,750,000.0 ",4.8966,48.21556
3R,23800001,23900000," 23,850,000.0 ",1.4146,48.35702
3R,23900001,24000000," 23,950,000.0 ",6.3112,48.98814
3R,24000001,24100000," 24,050,000.0 ",0.9793,49.08607
3R,24100001,24200000," 24,150,000.0 ",1.6322,49.24929
3R,24200001,24300000," 24,250,000.0 ",1.741,49.42339
3R,24300001,24400000," 24,350,000.0 ",0.7617,49.49956
3R,24400001,24500000," 24,450,000.0 ",0.8705,49.58661
3R,24500001,24600000," 24,550,000.0 ",3.1556,49.90217
3R,24600001,24700000," 24,650,000.0 ",1.741,50.07627
3R,24700001,24800000," 24,750,000.0 ",2.1763,50.2939
3R,24800001,24900000," 24,850,000.0 ",1.197,50.4136
3R,24900001,25000000," 24,950,000.0 ",1.6322,50.57682
3R,25000001,25100000," 25,050,000.0 ",0.8705,50.66387
3R,25100001,25200000," 25,150,000.0 ",7.5082,51.41469
3R,25200001,25300000," 25,250,000.0 ",2.938,51.70849
3R,25300001,25400000," 25,350,000.0 ",5.1143,52.21992
3R,25400001,25500000," 25,450,000.0 ",1.741,52.39402
3R,25500001,25600000," 25,550,000.0 ",1.6322,52.55724
3R,25600001,25700000," 25,650,000.0 ",2.3939,52.79663
3R,25700001,25800000," 25,750,000.0 ",2.3939,53.03602
3R,25800001,25900000," 25,850,000.0 ",2.0675,53.24277
3R,25900001,26000000," 25,950,000.0 ",1.3058,53.37335
3R,26000001,26100000," 26,050,000.0 ",2.8292,53.65627
3R,26100001,26200000," 26,150,000.0 ",3.6997,54.02624
3R,26200001,26300000," 26,250,000.0 ",1.3058,54.15682
3R,26300001,26400000," 26,350,000.0 ",0.6529,54.22211
3R,26400001,26500000," 26,450,000.0 ",1.0881,54.33092
3R,26500001,26600000," 26,550,000.0 ",1.4146,54.47238
3R,26600001,26700000," 26,650,000.0 ",0.6529,54.53767
3R,26700001,26800000," 26,750,000.0 ",0.7617,54.61384
3R,26800001,26900000," 26,850,000.0 ",0.9793,54.71177
3R,26900001,27000000," 26,950,000.0 ",1.6322,54.87499
3R,27000001,27100000," 27,050,000.0 ",0.5441,54.9294
3R,27100001,27200000," 27,150,000.0 ",0.1088,54.94028
3R,27200001,27300000," 27,250,000.0 ",0,54.94028
3R,27300001,27400000," 27,350,000.0 ",0.2176,54.96204
3R,27400001,27500000," 27,450,000.0 ",0,54.96204
3R,27500001,27600000," 27,550,000.0 ",0,54.96204
3R,27600001,27700000," 27,650,000.0 ",0,54.96204
3R,27700001,27800000," 27,750,000.0 ",0,54.96204
3R,27800001,27900000," 27,850,000.0 ",0,54.96204
3R,27900001,28000000," 27,950,000.0 ",0,54.96204